word,group1,group2,group3,group4,fact2,fact3,NDB_NO,USDA_Desc,Match_Type,Alt_Matches
ABIYUCH,vegetable,,,,,,9427,"Abiyuch, raw",KEYWORD_EXACT,1
ABALONE,protein,,,,,,15155,"Mollusks, abalone, mixed species, raw",DESC_CONTAINS,2
ACEROLA,fruit,,,,,,9001,"Acerola, (west indian cherry), raw",KEYWORD_EXACT,2
ACORN,nuts,,,,,,35182,Acorn stew (Apache),KEYWORD_EXACT,6
ACORNFLOUR,nuts,,,,,,12060,"Nuts, acorn flour, full fat",COMPOUND_MATCH,1
ACORNSTEW,prepared,,,,,,35182,Acorn stew (Apache),COMPOUND_MATCH,1
ADZUKI,legume,,,,,,16001,"Beans, adzuki, mature seeds, raw",DESC_CONTAINS,4
AGAVE,vegetable,,,,,,35192,"Agave, raw (Southwest)",KEYWORD_EXACT,4
AGUTUK,protein,,,,,,35001,"Agutuk, fish/berry with seal oil (Alaskan ice cream) (Alaska Native)",DESC_STARTS,3
ALFALFA,vegetable,,,,,,11001,"Alfalfa seeds, sprouted, raw",KEYWORD_EXACT,1
ALLSPICE,spice,,,,,,2001,"Spices, allspice, ground",DESC_CONTAINS,1
ALMOND,nuts,fats,,High in healthy fats,Good source of protein,,4529,"Oil, almond",DESC_CONTAINS,5
ALMONDBUTTER,nuts,fats,,,,,12195,"Nuts, almond butter, plain, without salt added",COMPOUND_MATCH,2
ALMONDMILK,nuts,beverage,,,,,14016,"Beverages, almond milk, sweetened, vanilla flavor, ready-to-drink",COMPOUND_MATCH,4
ALMONDPASTE,nuts,,,,,,12071,"Nuts, almond paste",COMPOUND_MATCH,1
AMARANTH,grain,vegetable,,,,,11004,"Amaranth leaves, cooked, boiled, drained, without salt",KEYWORD_EXACT,5
AMERICAN,dairy,,,,,,1061,"Cheese, American, nonfat or fat free",DESC_CONTAINS,5
ANCHOVY,protein,,,,,,15001,"Fish, anchovy, european, raw",DESC_CONTAINS,2
ANGLEFOOD,prepared,,,,,,18087,"Cake, angelfood, dry mix",PREFERRED,1
ANISE,spice,,,,,,2002,"Spices, anise seed",DESC_CONTAINS,1
ANTELOPE,prepared,,,,,,17144,"Game meat, antelope, raw",DESC_CONTAINS,2
APPLE,fruit,,,,,,9003,"Apples, raw, with skin",PREFERRED,1
APPLESAUCE,prepared,,,,,,9019,"Applesauce, canned, unsweetened, without added ascorbic acid (includes USDA commodity)",KEYWORD_EXACT,9
APRICOT,fruit,,,,,,9021,"Apricots, raw",,
APRICOTJAM,fruit,spice,,,,,19719,"Jams and preserves, apricot",PREFERRED,1
APRICOTOIL,fruit,fats,,,,,4530,"Oil, apricot kernel",PREFERRED,1
ARROWHEAD,vegetable,,,,,,11005,"Arrowhead, raw",KEYWORD_EXACT,5
ARROWROOT,vegetable,,,,,,11697,"Arrowroot, raw",DESC_STARTS,3
ARTICHOKE,vegetable,,,,,,11226,"Jerusalem-artichokes, raw",KEYWORD_EXACT,7
ARUGULA,vegetable,,,,,,11959,"Arugula, raw",KEYWORD_EXACT,1
ASCIDIANS,protein,,,,,,35004,Ascidians (tunughnak) (Alaska Native),DESC_STARTS,1
ASIAGO,dairy,,,,,,28234,"SUNSHINE, CHEEZ-IT, Asiago Crackers",DESC_CONTAINS,1
ASPARAGUS,vegetable,,,,,,11011,"Asparagus, raw",KEYWORD_EXACT,9
AVOCADO,vegetable,fruit,fats,Botanically a berry,Used as a vegetable,Rich in healthy fats,9038,"Avocados, raw, California",DESC_STARTS,4
BABASSU,fats,,,,,,4534,"Oil, babassu",DESC_CONTAINS,1
BACON,protein,,,,,,10862,"Pork, cured, bacon, pre-sliced, cooked, pan-fried",KEYWORD_EXACT,12
BAGEL,grain,,,,,,28319,"Bagels, whole grain white",DESC_STARTS,13
BAKEDBEANS,prepared,,,,,,16006,"Beans, baked, canned, plain or vegetarian",PREFERRED,1
BALSAMPEAR,fruit,,,,,,11022,"Balsam-pear (bitter gourd), leafy tips, raw",COMPOUND_MATCH,6
BAMBOO,vegetable,,,,,,11026,"Bamboo shoots, raw",KEYWORD_EXACT,4
BANANA,fruit,,,,,,9040,"Bananas, raw",PREFERRED,1
BARBECUE,spice,,,,,,7001,"Barbecue loaf, pork, beef",KEYWORD_EXACT,6
BARLEY,grain,,,,,,20006,"Barley, pearled, cooked",KEYWORD_EXACT,7
BASIL,spice,,,,,,2044,"Basil, fresh",KEYWORD_EXACT,5
BASS,protein,,,,,,15187,"Fish, bass, freshwater, mixed species, cooked, dry heat",DESC_CONTAINS,4
BAYLEAF,spice,,,,,,2004,"Spices, bay leaf",COMPOUND_MATCH,1
BEAN,legume,protein,,A legume,Good protein source,,11053,"Beans, snap, green, cooked, boiled, drained, without salt",DESC_STARTS,15
BEAR,protein,,,,,,35008,"Bear, polar, meat, raw (Alaska Native)",KEYWORD_EXACT,9
BEAVER,protein,,,,,,17150,"Game meat, beaver, raw",DESC_CONTAINS,2
BEECHNUT,nuts,,,,,,12077,"Nuts, beechnuts, dried",DESC_CONTAINS,1
BEEF,protein,,,,,,13364,"Beef, composite of trimmed retail cuts, separable lean only, trimmed to 0"" fat, all grades, cooked",PREFERRED,1
BEEFALO,prepared,,,,,,17152,"Game meat, beefalo, composite of cuts, raw",DESC_CONTAINS,2
BEEFSTEW,protein,,,,,,22905,"Beef stew, canned entree",COMPOUND_MATCH,2
BEER,beverage,,,,,,14003,"Alcoholic beverage, beer, regular, all",PREFERRED,1
BEERWURST,protein,,,,,,7002,"Beerwurst, beer salami, pork and beef",DESC_STARTS,3
BEET,vegetable,,,,,,11080,"Beets, raw",DESC_STARTS,11
BISCUIT,prepared,,,,,,18015,"Biscuits, plain or buttermilk, refrigerated dough, higher fat, baked",KEYWORD_EXACT,14
BISON,protein,,,,,,17149,"Bison, ground, grass-fed, raw",KEYWORD_EXACT,7
BLACKBEAN,legume,,,,,,16315,"Beans, black, mature seeds, cooked, boiled, with salt",COMPOUND_MATCH,1
BLACKBERRY,fruit,,,,,,9042,"Blackberries, raw",DESC_STARTS,1
BLACKFISH,protein,,,,,,35016,"Fish, blackfish, whole (Alaska Native)",DESC_CONTAINS,1
BLUEBERRY,fruit,,,,,,9050,"Blueberries, raw",DESC_CONTAINS,5
BLUECHEESE,dairy,,,,,,1004,"Cheese, blue",COMPOUND_MATCH,1
BLUECORN,prepared,,,,,,35130,"Mush, blue corn with ash (Navajo)",COMPOUND_MATCH,4
BLUEFIN,protein,,,,,,15118,"Fish, tuna, fresh, bluefin, cooked, dry heat",DESC_CONTAINS,2
BLUEFISH,protein,,,,,,15189,"Fish, bluefish, cooked, dry heat",DESC_CONTAINS,2
BOAR,protein,,,,,,17159,"Game meat, boar, wild, cooked, roasted",DESC_CONTAINS,2
BOCKWURST,protein,,,,,,7006,"Bockwurst, pork, veal, raw",KEYWORD_EXACT,1
BOK,vegetable,,,,,,11116,"Cabbage, chinese (pak-choi), raw",COMPOUND_MATCH,6
BOLOGNA,protein,,,,,,7007,"Bologna, beef",KEYWORD_EXACT,13
BORAGE,vegetable,,,,,,11737,"Borage, cooked, boiled, drained, with salt",KEYWORD_EXACT,3
BOYSENBERRY,fruit,,,,,,9057,"Boysenberries, frozen, unsweetened",PREFERRED,1
BRAIN,protein,,,,,,13319,"Beef, variety meats and by-products, brain, cooked, pan-fried",DESC_CONTAINS,5
BRATWURST,protein,,,,,,7013,"Bratwurst, pork, cooked",DESC_STARTS,5
BRAUNSCHWEIGER,protein,,,,,,7014,"Braunschweiger (a liver sausage), pork",DESC_STARTS,2
BREAD,prepared,,,,,,18069,"Bread, white, commercially prepared (includes soft bread crumbs)",PREFERRED,1
BREADFRUIT,fruit,,,,,,9059,"Breadfruit, raw",KEYWORD_EXACT,4
BREADCHEESE,dairy,,,,,,18972,"Bread, cheese",COMPOUND_MATCH,8
BREAST,protein,,,,,,5060,"Chicken, broilers or fryers, breast, meat and skin, cooked, roasted",DESC_CONTAINS,5
BRICK,dairy,,,,,,1005,"Cheese, brick",DESC_CONTAINS,1
BRIE,dairy,,,,,,1006,"Cheese, brie",DESC_CONTAINS,1
BRISKET,protein,,,,,,13804,"Beef, brisket, whole, separable lean and fat, trimmed to 1/8"" fat, all grades, cooked, braised",DESC_CONTAINS,5
BROADBEAN,legume,,,,,,16353,"Broadbeans (fava beans), mature seeds, cooked, boiled, with salt",DESC_STARTS,7
BROCCOLI,vegetable,,,,,,11090,"Broccoli, raw",PREFERRED,1
BROILERS,protein,,,,,,5021,"Chicken, broilers or fryers, giblets, cooked, fried",DESC_CONTAINS,5
BROTWURST,protein,,,,,,7015,"Brotwurst, pork, beef, link",DESC_STARTS,1
BRUSSELSPROUTS,vegetable,,,,,,11745,"Brussels sprouts, cooked, boiled, drained, with salt",PREFERRED,1
BUCKWHEAT,grain,,,,,,20010,"Buckwheat groats, roasted, cooked",KEYWORD_EXACT,7
BUFFALO,protein,,,,,,17161,"Game meat, buffalo, water, cooked, roasted",KEYWORD_EXACT,5
BULGUR,grain,,,,,,20013,"Bulgur, cooked",DESC_STARTS,2
BURDOCK,vegetable,,,,,,11747,"Burdock root, cooked, boiled, drained, with salt",KEYWORD_EXACT,3
BURGER,prepared,,,,,,21141,"BURGER KING, Vanilla Shake",KEYWORD_EXACT,10
BURRITO,prepared,,,,,,22928,"Burrito, beef and bean, microwaved",KEYWORD_EXACT,8
BUTTER,dairy,fats,,Made from cream,High in saturated fat,,1001,"Butter, salted",PREFERRED,1
BUTTERBUR,vegetable,,,,,,11748,"Butterbur, cooked, boiled, drained, with salt",KEYWORD_EXACT,4
BUTTERFISH,protein,,,,,,15191,"Fish, butterfish, cooked, dry heat",DESC_CONTAINS,2
BUTTERMILK,dairy,beverage,,,,,1230,"Milk, buttermilk, fluid, whole",KEYWORD_EXACT,6
BUTTERSCOTCH,prepared,,,,,,19364,"Toppings, butterscotch or caramel",DESC_CONTAINS,3
CABBAGE,vegetable,,,,,,11113,"Cabbage, red, cooked, boiled, drained, without salt",KEYWORD_EXACT,10
CALAMARI,protein,,,,,,15174,"Mollusks, scallop, mixed species, imitation, made from surimi",PREFERRED,1
CAMEMBERT,dairy,,,,,,1007,"Cheese, camembert",DESC_CONTAINS,1
CANOLA,fats,,,,,,4643,"Oil, industrial, canola with antifoaming agent, principal uses salads, woks and light frying",DESC_CONTAINS,5
CANTALOUPE,fruit,,,,,,9181,"Melons, cantaloupe, raw",DESC_CONTAINS,1
CAKE,prepared,,,,,,18086,"Cake, angelfood, commercially prepared",DESC_STARTS,15
CAPER,spice,,,,,,2054,"Capers, canned",DESC_STARTS,1
CARAMBOLA,fruit,,,,,,9060,"Carambola, (starfruit), raw",KEYWORD_EXACT,1
CARAWAY,spice,,,,,,1008,"Cheese, caraway",DESC_CONTAINS,2
CARBONATED,beverage,,,,,,14130,"Carbonated beverage, cream soda",DESC_STARTS,8
CARDAMOM,spice,,,,,,2006,"Spices, cardamom",DESC_CONTAINS,1
CARDOON,vegetable,,,,,,11123,"Cardoon, cooked, boiled, drained, without salt",KEYWORD_EXACT,3
CARIBOU,protein,,,,,,35211,"Caribou, hind quarter, meat, cooked (Alaska Native)",KEYWORD_EXACT,11
CARISSA,fruit,,,,,,9061,"Carissa, (natal-plum), raw",KEYWORD_EXACT,1
CARAMEL,prepared,,,,,,8596,"Cereals ready-to-eat, GENERAL MILLS, FIBER ONE, Caramel Delight",DESC_CONTAINS,5
CAROB,nuts,,,,,,14169,"Beverages, Carob-flavor beverage mix, powder, prepared with whole milk",KEYWORD_EXACT,4
CARP,protein,,,,,,15009,"Fish, carp, cooked, dry heat",DESC_CONTAINS,2
CARROT,vegetable,,,,,,11124,"Carrots, raw",PREFERRED,1
CASEIN,dairy,,,,,,1068,"Cream substitute, liquid, with lauric acid oil and sodium caseinate",PREFERRED,1
CASHEW,nuts,,,,,,12085,"Nuts, cashew nuts, dry roasted, without salt added",DESC_CONTAINS,5
CASHEWBUTTER,nuts,,,,,,12088,"Nuts, cashew butter, plain, without salt added",COMPOUND_MATCH,2
CASSAVA,vegetable,,,,,,11134,"Cassava, raw",KEYWORD_EXACT,1
CATFISH,protein,,,,,,15011,"Fish, catfish, channel, cooked, breaded and fried",DESC_CONTAINS,5
CATSUP,spice,,,,,,11935,Catsup,KEYWORD_EXACT,2
CATTAIL,vegetable,,,,,,35195,"Cattail, Narrow Leaf Shoots (Northern Plains Indians)",KEYWORD_EXACT,1
CAULIFLOWER,vegetable,,,,,,11136,"Cauliflower, cooked, boiled, drained, without salt",KEYWORD_EXACT,9
CAYENNE,spice,,,,,,2031,"Spices, pepper, red or cayenne",PREFERRED,1
CELERIAC,vegetable,,,,,,11142,"Celeriac, cooked, boiled, drained, without salt",KEYWORD_EXACT,3
CELERY,vegetable,,,,,,11144,"Celery, cooked, boiled, drained, without salt",KEYWORD_EXACT,5
CELERYSEED,nuts,,,,,,2007,"Spices, celery seed",COMPOUND_MATCH,1
CELTUCE,vegetable,,,,,,11145,"Celtuce, raw",KEYWORD_EXACT,1
CEREAL,grain,,,,,,8143,"Cereals, WHEATENA, cooked with water",KEYWORD_EXACT,17
CHARD,vegetable,,,,,,11148,"Chard, swiss, cooked, boiled, drained, without salt",KEYWORD_EXACT,4
CHAYOTE,vegetable,,,,,,11150,"Chayote, fruit, cooked, boiled, drained, without salt",KEYWORD_EXACT,3
CHEDDAR,dairy,,,,,,1009,"Cheese, cheddar",DESC_CONTAINS,5
CHEESE,dairy,,,,,,1009,"Cheese, cheddar",PREFERRED,1
CHEESECAKE,prepared,,,,,,18147,Cheesecake commercially prepared,KEYWORD_EXACT,4
CHERIMOYA,fruit,,,,,,9062,"Cherimoya, raw",KEYWORD_EXACT,1
CHERRY,fruit,,,,,,3224,"Babyfood, dessert, cherry vanilla pudding, strained",DESC_CONTAINS,5
CHERVIL,spice,,,,,,2008,"Spices, chervil, dried",DESC_CONTAINS,1
CHESHIRE,dairy,,,,,,1010,"Cheese, cheshire",DESC_CONTAINS,1
CHESTNUT,nuts,,,,,,12096,"Nuts, chestnuts, chinese, roasted",DESC_CONTAINS,5
CHIA,nuts,,,,,,12006,"Seeds, chia seeds, dried",DESC_CONTAINS,1
CHICKEN,protein,,,,,,5064,"Chicken, broilers or fryers, breast, meat only, cooked, roasted",PREFERRED,1
CHICKPEA,legume,protein,,A legume,Excellent protein source,,16057,"Chickpeas (garbanzo beans, bengal gram), mature seeds, cooked, boiled, without salt",DESC_STARTS,8
CHICORY,vegetable,,,,,,11154,"Chicory roots, raw",KEYWORD_EXACT,4
CHILCHEN,protein,,,,,,35133,Chilchen (Red Berry Beverage) (Navajo),KEYWORD_EXACT,1
CHILI,spice,protein,,,,,22969,"Chili with beans, microwavable bowls",KEYWORD_EXACT,9
CHINOOK,protein,,,,,,15210,"Fish, salmon, chinook, cooked, dry heat",DESC_CONTAINS,5
CHITON,protein,,,,,,35026,"Chiton, leathery, gumboots (Alaska Native)",KEYWORD_EXACT,1
CHIVE,spice,,,,,,11156,"Chives, raw",DESC_STARTS,2
CHOCOLATE,spice,beverage,prepared,,,,19077,"Baking chocolate, unsweetened, liquid",KEYWORD_EXACT,15
CHOKECHERRY,fruit,,,,,,35179,"Chokecherries, raw, pitted (Shoshone Bannock)",COMPOUND_MATCH,2
CHORIZO,protein,,,,,,7019,"Chorizo, pork and beef",KEYWORD_EXACT,1
CHOY,vegetable,,,,,,11117,"Cabbage, chinese (pak-choi), cooked, boiled, drained, without salt",COMPOUND_MATCH,3
CHUCKROAST,protein,,,,,,13351,"Beef, chuck, under blade center steak, boneless, Denver Cut, separable lean only, trimmed to 0"" fat, all grades, cooked, grilled",COMPOUND_MATCH,10
CHUM,protein,,,,,,17421,"Lamb, New Zealand, imported, tunnel-boned leg, chump off, shank off, separable lean and fat, cooked, slow roasted",DESC_CONTAINS,5
CHRYSANTHEMUM,vegetable,,,,,,11158,"Chrysanthemum, garland, cooked, boiled, drained, without salt",KEYWORD_EXACT,4
CILANTRO,spice,,,,,,6598,"PACE, Cilantro Chunky Salsa",DESC_CONTAINS,1
CINNAMON,spice,,,From tree bark,Popular in sweet and savory dishes,,18964,"Cinnamon buns, frosted (includes honey buns)",DESC_STARTS,6
CISCO,protein,,,,,,15013,"Fish, cisco, raw",DESC_CONTAINS,2
CITRUS,fruit,,,,,,14262,"Citrus fruit juice drink, frozen concentrate",DESC_STARTS,6
CLAM,protein,,,,,,6030,"Soup, clam chowder, new england, canned, condensed",DESC_CONTAINS,5
CLEMENTINE,fruit,,,,,,9433,"Clementines, raw",DESC_STARTS,1
CLOUDBERRY,fruit,,,,,,35027,"Cloudberries, raw (Alaska Native)",COMPOUND_MATCH,1
CLOVE,spice,,,,,,2011,"Spices, cloves, ground",COMPOUND_MATCH,1
COCOA,spice,beverage,,,,,14194,"Beverages, Cocoa mix, powder, prepared with water",KEYWORD_EXACT,17
COCOABUTTER,fats,,,,,,4501,"Oil, cocoa butter",COMPOUND_MATCH,2
COCONUT,fruit,nuts,fats,Botanically a drupe (fruit),Often grouped with nuts,High in saturated fat,4047,"Oil, coconut",DESC_CONTAINS,5
COCONUTMILK,beverage,,,,,,12117,"Nuts, coconut milk, raw (liquid expressed from grated meat and water)",COMPOUND_MATCH,4
COD,protein,,,,,,15015,"Fish, cod, Atlantic, raw",DESC_CONTAINS,5
COFFEE,beverage,,,,,,14209,"Coffee, brewed, prepared with tap water",PREFERRED,1
COFFEECAKE,prepared,,,,,,18103,"Coffeecake, cheese",KEYWORD_EXACT,7
COHO,protein,,,,,,15082,"Fish, salmon, coho, wild, cooked, moist heat",DESC_CONTAINS,5
COLA,beverage,,,,,,14073,"Beverages, ZEVIA, cola",KEYWORD_EXACT,6
COLBY,dairy,,,,,,1011,"Cheese, colby",DESC_CONTAINS,2
COLESLAW,vegetable,prepared,,,,,21127,"Fast foods, coleslaw",DESC_CONTAINS,5
COLLARD,vegetable,,,,,,11162,"Collards, cooked, boiled, drained, without salt",KEYWORD_EXACT,6
CONCH,protein,,,,,,15250,"Mollusks, conch, baked or broiled",DESC_CONTAINS,1
COOKIE,prepared,,,,,,18156,"Cookies, fudge, cake-type (includes trolley cakes)",DESC_STARTS,15
CORIANDER,spice,,,,,,11165,"Coriander (cilantro) leaves, raw",KEYWORD_EXACT,4
CORN,vegetable,grain,,Used as a vegetable,Botanically a grain,,11167,"Corn, sweet, yellow, raw",PREFERRED,1
CORNDOG,prepared,,,,,,21138,"Fast foods, potato, french fried in vegetable oil",PREFERRED,1
CORNEDBEEF,protein,,,,,,13347,"Beef, cured, corned beef, brisket, cooked",COMPOUND_MATCH,7
CORNBREAD,prepared,,,,,,18024,"Bread, cornbread, prepared from recipe, made with low fat (2%) milk",DESC_CONTAINS,5
CORNISH,protein,,,,,,5308,"Chicken, cornish game hens, meat and skin, cooked, roasted",DESC_CONTAINS,4
CORNMEAL,grain,,,,,,20020,"Cornmeal, whole-grain, yellow",KEYWORD_EXACT,10
CORNSALAD,vegetable,,,,,,11190,"Cornsalad, raw",KEYWORD_EXACT,1
CORNSTARCH,spice,,,,,,20027,Cornstarch,KEYWORD_EXACT,1
COTTAGE,dairy,,,,,,1013,"Cheese, cottage, creamed, with fruit",DESC_CONTAINS,5
COTTONSEED,fats,,,,,,4146,"Salad dressing, french, cottonseed, oil, home recipe",DESC_CONTAINS,5
COUSCOUS,grain,,,,,,20029,"Couscous, cooked",KEYWORD_EXACT,2
COWPEA,legume,,,,,,11192,"Cowpeas (blackeyes), immature seeds, cooked, boiled, drained, without salt",DESC_STARTS,10
CRAB,protein,,,,,,9077,"Crabapples, raw",DESC_STARTS,6
CRABAPPLE,fruit,,,,,,9077,"Crabapples, raw",DESC_STARTS,1
CRACKER,grain,,,,,,36608,"CRACKER BARREL, grilled sirloin steak",KEYWORD_EXACT,25
CRANBERRY,fruit,,,,,,35030,"Cranberry, low bush or lingenberry, raw (Alaska Native)",KEYWORD_EXACT,16
CRAWFISH,protein,,,,,,15144,"Crustaceans, crab, queen, raw",PREFERRED,1
CRAYFISH,protein,,,,,,15146,"Crustaceans, crayfish, mixed species, wild, cooked, moist heat",DESC_CONTAINS,4
CREAM,dairy,,,,,,1049,"Cream, fluid, half and half",PREFERRED,1
CROAKER,protein,,,,,,15021,"Fish, croaker, Atlantic, cooked, breaded and fried",DESC_CONTAINS,2
CROISSANT,prepared,,,,,,18239,"Croissants, butter",DESC_STARTS,8
CROOKNECK,vegetable,,,,,,11468,"Squash, summer, crookneck and straightneck, cooked, boiled, drained, without salt",DESC_CONTAINS,5
CROUTON,grain,,,,,,18242,"Croutons, plain",DESC_STARTS,2
CRUSTACEAN,protein,,,,,,15146,"Crustaceans, crayfish, mixed species, wild, cooked, moist heat",DESC_STARTS,10
CUCUMBER,vegetable,fruit,,Botanically a fruit,Eaten as a vegetable,,11205,"Cucumber, with peel, raw",KEYWORD_EXACT,7
CUMIN,spice,,,,,,2014,"Spices, cumin seed",DESC_CONTAINS,1
CUPUASSU,fats,,,,,,9003,"Apples, raw, with skin",PREFERRED,1
CURED,protein,,,,,,10879,"Pork, cured, ham -- water added, whole, boneless, separable lean only, heated, roasted",DESC_CONTAINS,5
CURRANT,fruit,,,,,,9083,"Currants, european black, raw",DESC_STARTS,3
CURRY,spice,,,,,,2015,"Spices, curry powder",DESC_CONTAINS,1
CUSK,protein,,,,,,15193,"Fish, cusk, cooked, dry heat",DESC_CONTAINS,2
CUSTARD,prepared,,,,,,9086,"Custard-apple, (bullock's-heart), raw",KEYWORD_EXACT,4
CUTTLEFISH,protein,,,,,,15229,"Mollusks, cuttlefish, mixed species, cooked, moist heat",DESC_CONTAINS,2
DANDELION,vegetable,,,,,,11208,"Dandelion greens, cooked, boiled, drained, without salt",KEYWORD_EXACT,3
DANISH,prepared,,,,,,18244,"Danish pastry, cinnamon, enriched",DESC_STARTS,9
DATE,fruit,,,,,,9087,"Dates, deglet noor",DESC_STARTS,5
DEER,protein,,,,,,35080,"Deer (venison), sitka, raw (Alaska Native)",KEYWORD_EXACT,6
DEVILFISH,protein,,,,,,35034,"Fish, devilfish, meat (Alaska Native)",DESC_CONTAINS,1
DILL,spice,,,,,,2045,"Dill weed, fresh",KEYWORD_EXACT,5
DIVINITY,prepared,,,,,,19384,"Candies, divinity, prepared-from-recipe",DESC_CONTAINS,1
DOCK,vegetable,,,,,,11617,"Dock, cooked, boiled, drained, without salt",KEYWORD_EXACT,3
DOUGHNUT,prepared,,,,,,18248,"Doughnuts, cake-type, plain (includes unsugared, old-fashioned)",DESC_STARTS,9
DRAGONFRUIT,fruit,,,,,,9421,"Dates, medjool",PREFERRED,1
DRUM,protein,,,,,,11223,"Drumstick leaves, cooked, boiled, drained, without salt",DESC_STARTS,11
DRUMETTE,protein,,,,,,5308,"Chicken, cornish game hens, meat and skin, cooked, roasted",PREFERRED,1
DRUMSTICK,protein,vegetable,,,,,11223,"Drumstick leaves, cooked, boiled, drained, without salt",KEYWORD_EXACT,11
DUCK,protein,,,,,,5140,"Duck, domesticated, meat and skin, cooked, roasted",KEYWORD_EXACT,13
DUMPLING,prepared,,,,,,32025,"Dumpling, potato- or cheese-filled, frozen",KEYWORD_EXACT,2
DURIAN,fruit,,,,,,9422,"Durian, raw or frozen",KEYWORD_EXACT,1
ECLAIR,prepared,,,,,,18969,"Cream puff, eclair, custard or cream filled, iced",DESC_CONTAINS,1
EDAM,dairy,,,,,,11212,"Edamame, frozen, prepared",DESC_STARTS,3
EDAMAME,legume,,,,,,11212,"Edamame, frozen, prepared",KEYWORD_EXACT,2
EEL,protein,,,,,,15026,"Fish, eel, mixed species, cooked, dry heat",DESC_CONTAINS,2
EGG,protein,,,,,,1123,"Egg, whole, raw, fresh",PREFERRED,1
EGGPLANT,vegetable,fruit,,Botanically a berry,Cooked as a vegetable,,11210,"Eggplant, cooked, boiled, drained, without salt",KEYWORD_EXACT,4
EGGROLL,prepared,,,,,,18368,Wonton wrappers (includes egg roll wrappers),COMPOUND_MATCH,5
ELDERBERRY,fruit,,,,,,9098,"Fruit cocktail, (peach and pineapple and pear and grape and cherry), canned, extra light syrup, solids and liquids",PREFERRED,1
ELK,protein,,,,,,35178,"Elk, free range, roast, eye of round, cooked (Shoshone Bannock)",KEYWORD_EXACT,9
EMU,prepared,,,,,,5622,"Emu, ground, cooked, pan-broiled",KEYWORD_EXACT,10
ENDIVE,vegetable,,,,,,11213,"Endive, raw",KEYWORD_EXACT,1
EPAZOTE,spice,,,,,,11984,"Epazote, raw",KEYWORD_EXACT,1
EPPAW,vegetable,,,,,,11618,"Eppaw, raw",KEYWORD_EXACT,1
ESCAROLE,vegetable,,,,,,11214,"Escarole, cooked, boiled, drained, no salt added",KEYWORD_EXACT,1
EYEOFROUND,protein,,,,,,13417,"Beef, round, eye of round roast, boneless, separable lean and fat, trimmed to 0"" fat, select, cooked, roasted",COMPOUND_MATCH,10
FALAFEL,prepared,,,,,,16138,"Falafel, home-prepared",KEYWORD_EXACT,1
FARINA,grain,,,,,,8173,"Cereals, farina, enriched, cooked with water, with salt",DESC_CONTAINS,5
FARRO,grain,,,,,,20076,"Wheat, durum",PREFERRED,1
FAVABEAN,legume,,,,,,16053,"Broadbeans (fava beans), mature seeds, cooked, boiled, without salt",COMPOUND_MATCH,4
FEIJOA,fruit,,,,,,9334,"Feijoa, raw",KEYWORD_EXACT,1
FENNEL,vegetable,,,,,,11957,"Fennel, bulb, raw",KEYWORD_EXACT,2
FENGUGREEK,nuts,,,,,,2019,"Spices, fenugreek seed",COMPOUND_MATCH,1
FERN,vegetable,,,,,,11995,"Fiddlehead ferns, raw",COMPOUND_MATCH,2
FETA,dairy,,,,,,1019,"Cheese, feta",DESC_CONTAINS,1
FIDDLEHEAD,vegetable,,,,,,11995,"Fiddlehead ferns, raw",KEYWORD_EXACT,2
FIG,fruit,,,,,,9094,"Figs, dried, uncooked",DESC_STARTS,8
FILBERT,nuts,,,,,,12120,"Nuts, hazelnuts or filberts",PREFERRED,1
FILET,protein,,,,,,35190,"Salmon, red (sockeye), filets with skin, smoked (Alaska Native)",DESC_CONTAINS,3
FIREWEED,vegetable,,,,,,11985,"Fireweed, leaves, raw",KEYWORD_EXACT,2
FISHSTICK,protein,,,,,,15027,"Fish, fish sticks, frozen, prepared",PREFERRED,1
FLAN,prepared,,,,,,19232,"Flan, caramel custard, dry mix, prepared with whole milk",KEYWORD_EXACT,8
FLANKSTEAK,protein,,,,,,13070,"Beef, flank, steak, separable lean only, trimmed to 0"" fat, choice, cooked, broiled",COMPOUND_MATCH,10
FLATFISH,protein,,,,,,15029,"Fish, flatfish (flounder and sole species), cooked, dry heat",DESC_CONTAINS,2
FLAX,nuts,fats,,,,,4707,"Oil, flaxseed, contains added sliced flaxseed",DESC_CONTAINS,3
FLOUNDER,protein,,,,,,15029,"Fish, flatfish (flounder and sole species), cooked, dry heat",PREFERRED,1
FOCACCIA,prepared,,,,,,18973,"Focaccia, Italian flatbread, plain",KEYWORD_EXACT,1
FONDANT,prepared,,,,,,19099,"Candies, fondant, prepared-from-recipe",DESC_CONTAINS,1
FONTINA,dairy,,,,,,1020,"Cheese, fontina",DESC_CONTAINS,1
FORESHANK,protein,,,,,,17008,"Lamb, domestic, foreshank, separable lean and fat, trimmed to 1/4"" fat, choice, cooked, braised",DESC_CONTAINS,5
FORTUNE,prepared,,,,,,18171,"Cookies, fortune",DESC_CONTAINS,1
FRANKFURTER,protein,,,,,,7963,"Frankfurter, meat and poultry, cooked, boiled",KEYWORD_EXACT,10
FRENCHBEAN,legume,,,,,,16023,"Beans, french, mature seeds, cooked, boiled, without salt",COMPOUND_MATCH,3
FRENCHBREAD,prepared,,,,,,28318,"Bread, french or vienna, whole wheat",COMPOUND_MATCH,3
FRENCHFRIES,vegetable,,,,,,11403,"Potatoes, french fried, all types, salt added in processing, frozen, home-prepared, oven heated",PREFERRED,1
FRENCHTOAST,prepared,,,,,,18269,"French toast, prepared from recipe, made with low fat (2%) milk",COMPOUND_MATCH,8
FROG,protein,,,,,,80200,"Frog legs, raw",KEYWORD_EXACT,1
FROSTING,prepared,,,,,,19244,"Frostings, vanilla, creamy, dry mix",DESC_STARTS,10
FRYERS,protein,,,,,,5045,"Chicken, broilers or fryers, dark meat, meat only, cooked, roasted",COMPOUND_MATCH,10
FRYBREAD,prepared,grain,,,,,35142,"Frybread, made with lard (Navajo)",KEYWORD_EXACT,2
FRUIT,fruit,,,,,,9097,"Fruit cocktail, (peach and pineapple and pear and grape and cherry), canned, juice pack, solids and liquids",KEYWORD_EXACT,15
FUDGE,prepared,,,,,,18156,"Cookies, fudge, cake-type (includes trolley cakes)",DESC_CONTAINS,5
GARLIC,vegetable,spice,,A bulb vegetable,Used as a flavoring/spice,,11215,"Garlic, raw",PREFERRED,1
GARLICBREAD,prepared,,,,,,18963,"Garlic bread, frozen",COMPOUND_MATCH,1
GEFILTEFISH,protein,,,,,,15030,"Fish, gefiltefish, commercial, sweet recipe",DESC_CONTAINS,1
GELATIN,prepared,,,,,,19177,"Gelatins, dry powder, unsweetened",KEYWORD_EXACT,8
GHEE,dairy,fats,,Clarified butter,Used in cooking,,1003,"Butter oil, anhydrous",PREFERRED,1
GIBLETS,protein,,,,,,5021,"Chicken, broilers or fryers, giblets, cooked, fried",DESC_CONTAINS,5
GINGER,vegetable,spice,,A root vegetable,Widely used as a spice,,11216,"Ginger root, raw",KEYWORD_EXACT,7
GINGERBREAD,prepared,,,,,,18114,"Cake, gingerbread, dry mix",DESC_CONTAINS,4
GINKGO,nuts,,,,,,12127,"Nuts, ginkgo nuts, raw",DESC_CONTAINS,3
GIZZARD,protein,,,,,,5024,"Chicken, gizzard, all classes, cooked, simmered",DESC_CONTAINS,4
GJETOST,dairy,,,,,,1021,"Cheese, gjetost",DESC_CONTAINS,1
GOAT,protein,,,,,,17168,"Goat, raw",KEYWORD_EXACT,6
GOATMILK,dairy,beverage,,,,,1106,"Milk, goat, fluid, with added vitamin D",COMPOUND_MATCH,1
GOJI,fruit,,,,,,9110,"Goji berries, dried",KEYWORD_EXACT,1
GOOSE,protein,,,,,,5149,"Goose, domesticated, meat only, cooked, roasted",KEYWORD_EXACT,11
GOOSEBERRY,fruit,,,,,,9107,"Gooseberries, raw",PREFERRED,1
GORGONZOLA,dairy,,,,,,1004,"Cheese, blue",PREFERRED,1
GOUDA,dairy,,,,,,1022,"Cheese, gouda",DESC_CONTAINS,1
GOURD,vegetable,,,,,,11023,"Balsam-pear (bitter gourd), leafy tips, cooked, boiled, drained, without salt",KEYWORD_EXACT,12
GRAHAM,prepared,,,,,,18173,"Cookies, graham crackers, plain or honey (includes cinnamon)",DESC_CONTAINS,5
GRANOLA,prepared,,,,,,42139,"Granola bar, soft, milk chocolate coated, peanut butter",KEYWORD_EXACT,6
GRAPE,fruit,,,,,,11974,"Grape leaves, raw",KEYWORD_EXACT,17
GRAPELEAVE,vegetable,,,,,,11974,"Grape leaves, raw",COMPOUND_MATCH,2
GRAPEFRUIT,fruit,,,,,,9116,"Grapefruit, raw, white, all areas",KEYWORD_EXACT,10
GRAPESEED,fats,,,,,,4517,"Oil, grapeseed",DESC_CONTAINS,1
GRAVY,prepared,,,,,,6122,"Gravy, mushroom, dry, powder",KEYWORD_EXACT,10
GREENBEAN,legume,,,,,,3091,"Babyfood, vegetables, green beans, strained",COMPOUND_MATCH,6
GRITS,grain,,,,,,8161,"Cereals, corn grits, white, regular and quick, enriched, cooked with water, with salt",COMPOUND_MATCH,10
GROUPER,protein,,,,,,15032,"Fish, grouper, mixed species, cooked, dry heat",DESC_CONTAINS,2
GRUYERE,dairy,,,,,,1023,"Cheese, gruyere",DESC_CONTAINS,1
GUANABANA,fruit,,,,,,9434,"Guanabana nectar, canned",KEYWORD_EXACT,1
GUAVA,fruit,,,,,,9143,"Guava sauce, cooked",KEYWORD_EXACT,7
GUINEA,protein,,,,,,5151,"Guinea hen, meat and skin, raw",KEYWORD_EXACT,2
GUMDROP,prepared,,,,,,19106,"Candies, gumdrops, starch jelly pieces",DESC_CONTAINS,1
HADDOCK,protein,,,,,,15034,"Fish, haddock, cooked, dry heat",DESC_CONTAINS,3
HAKE,protein,,,,,,15036,"Fish, halibut, Atlantic and Pacific, raw",PREFERRED,1
HALFANDHALF,dairy,beverage,,,,,1049,"Cream, fluid, half and half",COMPOUND_MATCH,3
HALIBUT,protein,,,,,,15037,"Fish, halibut, Atlantic and Pacific, cooked, dry heat",DESC_CONTAINS,5
HAM,protein,,,,,,7938,"Ham, honey, smoked, cooked",KEYWORD_EXACT,15
HASHBROWN,vegetable,prepared,,,,,11392,"Potatoes, hash brown, frozen, with butter sauce, unprepared",PREFERRED,1
HAVARTI,dairy,,,,,,1011,"Cheese, colby",PREFERRED,1
HAZELNUT,nuts,,,,,,19125,Chocolate-flavored hazelnut spread,KEYWORD_EXACT,7
HAZELNUTOIL,fats,,,,,,4532,"Oil, hazelnut",COMPOUND_MATCH,1
HEART,protein,,,,,,43392,"Hearts of palm, raw",DESC_STARTS,7
HEMP,nuts,,,,,,12012,"Seeds, hemp seed, hulled",DESC_CONTAINS,1
HERRING,protein,,,,,,15040,"Fish, herring, Atlantic, cooked, dry heat",DESC_CONTAINS,5
HICKORYNUT,nuts,,,,,,12130,"Nuts, hickorynuts, dried",DESC_CONTAINS,1
HINDSHANK,protein,,,,,,17440,"Lamb, Australian, imported, fresh, leg, hindshank, heel on, bone-in, separable lean only, trimmed to 1/8"" fat, cooked, braised",DESC_CONTAINS,4
HONEY,spice,,,,,,19296,Honey,PREFERRED,1
HOTDOG,prepared,,,,,,28313,"Rolls, hamburger or hot dog, whole wheat",COMPOUND_MATCH,6
HOISIN,spice,,,,,,6175,"Sauce, hoisin, ready-to-serve",DESC_CONTAINS,1
HOMINY,grain,,,,,,20030,"Hominy, canned, white",KEYWORD_EXACT,5
HONEYDEW,fruit,,,,,,9184,"Melons, honeydew, raw",DESC_CONTAINS,1
HORNED,fruit,,,,,,9451,Horned melon (Kiwano),KEYWORD_EXACT,2
HORSE,protein,,,,,,2055,"Horseradish, prepared",DESC_STARTS,4
HORSERADISH,vegetable,spice,,A root vegetable,Used as pungent condiment,,2055,"Horseradish, prepared",KEYWORD_EXACT,2
HUCKLEBERRY,fruit,,,,,,9044,"Cherries, tart, dried, sweetened",PREFERRED,1
HUMMUS,legume,,,,,,16158,"Hummus, commercial",KEYWORD_EXACT,2
HYACINTH,vegetable,,,,,,11225,"Hyacinth-beans, immature seeds, cooked, boiled, drained, without salt",KEYWORD_EXACT,6
ICECREAM,dairy,prepared,,,,,1236,"Ice cream, soft serve, chocolate",COMPOUND_MATCH,10
ICING,prepared,,,,,,19230,"Frostings, vanilla, creamy, ready-to-eat",PREFERRED,1
INCAPARINA,grain,,,,,,8580,"Incaparina, dry mix (corn and soy flours), unprepared",KEYWORD_EXACT,1
JACKFRUIT,fruit,,,,,,9144,"Jackfruit, raw",KEYWORD_EXACT,2
JALAPENO,spice,,,,,,11979,"Peppers, jalapeno, raw",DESC_CONTAINS,3
JAM,prepared,,,,,,19297,Jams and preserves,DESC_STARTS,5
JELLIES,prepared,,,,,,19300,Jellies,KEYWORD_EXACT,3
JELLYBEAN,prepared,,,,,,19108,"Candies, jellybeans",DESC_CONTAINS,1
JELLYFISH,protein,,,,,,43497,"Jellyfish, dried, salted",KEYWORD_EXACT,1
JERUSALEM,vegetable,,,,,,11226,"Jerusalem-artichokes, raw",DESC_STARTS,1
JICAMA,vegetable,,,,,,11603,"Yambean (jicama), raw",PREFERRED,1
JUICE,beverage,,,,,,9206,"Orange juice, raw",PREFERRED,1
JUJUBE,fruit,,,,,,9146,"Jujube, raw",KEYWORD_EXACT,2
JUTE,vegetable,,,,,,11232,"Jute, potherb, cooked, boiled, drained, without salt",KEYWORD_EXACT,3
KALE,vegetable,,,,,,11234,"Kale, cooked, boiled, drained, without salt",KEYWORD_EXACT,10
KANPYO,vegetable,,,,,,11237,"Kanpyo, (dried gourd strips)",KEYWORD_EXACT,1
KEFIR,dairy,,,,,,1289,"Kefir, lowfat, plain, LIFEWAY",KEYWORD_EXACT,2
KELP,vegetable,,,,,,11445,"Seaweed, kelp, raw",DESC_CONTAINS,1
KETCHUP,prepared,,,,,,11935,Catsup,PREFERRED,1
KIDNEY,protein,,,,,,11030,"Beans, kidney, mature seeds, sprouted, cooked, boiled, drained, without salt",DESC_CONTAINS,5
KIDNEYBEAN,legume,,,,,,43125,"Beans, liquid from stewed kidney beans",COMPOUND_MATCH,1
KIELBASA,protein,,,,,,7968,"Kielbasa, fully cooked, grilled",KEYWORD_EXACT,4
KIMCHI,vegetable,prepared,,,,,11118,"Cabbage, kimchi",DESC_CONTAINS,1
KIWI,fruit,,,,,,9148,"Kiwifruit, green, raw",DESC_STARTS,3
KOHLRABI,vegetable,,,,,,11242,"Kohlrabi, cooked, boiled, drained, without salt",KEYWORD_EXACT,3
KUMQUAT,fruit,,,,,,9149,"Kumquats, raw",DESC_STARTS,1
LADYFINGERS,prepared,,,,,,18175,"Cookies, ladyfingers, with lemon juice and rind",DESC_CONTAINS,2
LAMB,protein,,,,,,17012,"Lamb, domestic, leg, whole (shank and sirloin), separable lean and fat, trimmed to 1/4"" fat, choice, cooked, roasted",KEYWORD_EXACT,15
LAMBCHOP,protein,,,,,,17078,"Lamb, New Zealand, imported, loin chop, separable lean only, raw",PREFERRED,1
LAMBSQUARTERS,vegetable,,,,,,11245,"Lambsquarters, cooked, boiled, drained, without salt",KEYWORD_EXACT,5
LARD,fats,,,,,,4002,Lard,DESC_STARTS,3
LECITHIN,fats,,,,,,4544,"Shortening, household, lard and vegetable oil",PREFERRED,1
LEEK,vegetable,,,,,,11247,"Leeks, (bulb and lower leaf-portion), cooked, boiled, drained, without salt",DESC_STARTS,4
LEG,protein,,,,,,5082,"Chicken, broilers or fryers, leg, meat only, cooked, roasted",DESC_CONTAINS,5
LEMON,fruit,,,,,,9156,"Lemon peel, raw",KEYWORD_EXACT,15
LENTIL,legume,protein,,A legume,High in protein,,16070,"Lentils, mature seeds, cooked, boiled, without salt",DESC_STARTS,9
LEMONADE,beverage,,,,,,14095,"Beverages, MINUTE MAID, Lemonada, Limeade",KEYWORD_EXACT,11
LETTUCE,vegetable,,,,,,11252,"Lettuce, iceberg (includes crisphead types), raw",PREFERRED,1
LICHEE,fruit,,,,,,9164,"Litchis, raw",PREFERRED,1
LIMABEAN,legume,,,,,,11032,"Lima beans, immature seeds, cooked, boiled, drained, without salt",COMPOUND_MATCH,10
LIME,fruit,,,,,,9159,"Limes, raw",DESC_STARTS,8
LIMEADE,beverage,,,,,,14303,"Limeade, frozen concentrate, prepared with water",KEYWORD_EXACT,3
LING,protein,,,,,,15198,"Fish, ling, cooked, dry heat",DESC_CONTAINS,5
LINGCOD,protein,,,,,,15199,"Fish, lingcod, cooked, dry heat",DESC_CONTAINS,4
LINGONBERRY,fruit,,,,,,9078,"Cranberries, raw",COMPOUND_MATCH,4
LITCHI,fruit,,,,,,9164,"Litchis, raw",DESC_STARTS,2
LIVER,protein,,,,,,7040,"Liver cheese, pork",KEYWORD_EXACT,8
LIVERWURST,protein,,,,,,7911,Liverwurst spread,KEYWORD_EXACT,2
LOBSTER,protein,,,,,,15148,"Crustaceans, lobster, northern, cooked, moist heat",DESC_CONTAINS,2
LOGANBERRY,fruit,,,,,,9167,"Loganberries, frozen",COMPOUND_MATCH,1
LONGAN,fruit,,,,,,9172,"Longans, raw",DESC_STARTS,2
LOQUAT,fruit,,,,,,9174,"Loquats, raw",KEYWORD_EXACT,1
LOTUS,vegetable,,,,,,11255,"Lotus root, cooked, boiled, drained, without salt",KEYWORD_EXACT,5
LUNGS,protein,,,,,,10113,"Pork, fresh, variety meats and by-products, lungs, cooked, braised",DESC_CONTAINS,5
LUPINS,legume,,,,,,16077,"Lupins, mature seeds, cooked, boiled, without salt",KEYWORD_EXACT,3
LYCHEE,fruit,,,,,,9164,"Litchis, raw",PREFERRED,1
MACADAMIA,nuts,,,,,,12632,"Nuts, macadamia nuts, dry roasted, with salt added",DESC_CONTAINS,3
MACAROON,prepared,,,,,,28205,"MOTHER'S, Macaroon Cookies",DESC_CONTAINS,1
MACARONI,grain,,,,,,20106,"Macaroni, vegetable, enriched, cooked",KEYWORD_EXACT,15
MACKEREL,protein,,,,,,15047,"Fish, mackerel, Atlantic, cooked, dry heat",DESC_CONTAINS,5
MAHI,protein,,,,,,15194,"Fish, mahimahi, cooked, dry heat",DESC_CONTAINS,2
MALTED,beverage,,,,,,14317,"Malted drink mix, chocolate, powder",DESC_STARTS,6
MAMEY,fruit,,,,,,9314,"Sapote, mamey, raw",DESC_CONTAINS,1
MANCHEGO,dairy,,,,,,1040,"Cheese, swiss",PREFERRED,1
MANGO,fruit,,,,,,9176,"Mangos, raw",KEYWORD_EXACT,7
MANGOSTEEN,fruit,,,,,,9177,"Mangosteen, canned, syrup pack",KEYWORD_EXACT,1
MAPLE,spice,,,,,,8130,"Cereals, QUAKER, Instant Oatmeal, maple and brown sugar, dry",DESC_CONTAINS,5
MARASCHINO,fruit,,,,,,9328,"Maraschino cherries, canned, drained",DESC_STARTS,1
MARGARINE,fats,,,,,,4073,"Margarine, regular, hard, soybean (hydrogenated)",KEYWORD_EXACT,12
MARJORAM,spice,,,,,,2023,"Spices, marjoram, dried",DESC_CONTAINS,1
MARMALADE,spice,,,,,,19303,"Marmalade, orange",KEYWORD_EXACT,3
MARSHMALLOW,prepared,,,,,,8138,"Cereals ready-to-eat, MALT-O-MEAL, MARSHMALLOW MATEYS",DESC_CONTAINS,5
MASA,grain,,,,,,20017,"Corn flour, masa, enriched, white",DESC_CONTAINS,4
MASCARPONE,dairy,,,,,,1179,"Sour cream, light",PREFERRED,1
MATZO,prepared,,,,,,18219,"Crackers, matzo, whole-wheat",DESC_CONTAINS,4
MAYO,spice,,,,,,4708,"Mayonnaise, reduced fat, with olive oil",DESC_STARTS,10
MAYONNAISE,spice,,,,,,4708,"Mayonnaise, reduced fat, with olive oil",KEYWORD_EXACT,10
MEATBALLS,protein,,,,,,43132,"Meatballs, meatless",KEYWORD_EXACT,4
MEATLESS,prepared,grain,,,,,16104,"Bacon, meatless",DESC_CONTAINS,5
MELBA,prepared,,,,,,18220,"Crackers, melba toast, plain",DESC_CONTAINS,4
MELON,fruit,,,,,,9184,"Melons, honeydew, raw",DESC_STARTS,5
MENHADEN,fats,,,,,,4591,"Fish oil, menhaden",DESC_CONTAINS,2
MIGNON,protein,,,,,,13921,"Beef, tenderloin, steak, separable lean and fat, trimmed to 1/8"" fat, choice, cooked, broiled",COMPOUND_MATCH,10
MILK,dairy,beverage,,,,,1077,"Milk, whole, 3.25% milkfat, with added vitamin D",PREFERRED,1
MILKFISH,protein,,,,,,15202,"Fish, milkfish, cooked, dry heat",DESC_CONTAINS,2
MILLET,grain,,,,,,20032,"Millet, cooked",KEYWORD_EXACT,4
MINT,spice,,,,,,28078,"KEEBLER, FUDGE SHOPPE, Mint Creme Middles, Chocolate Graham Cookies",DESC_CONTAINS,1
MISO,spice,,,,,,16112,Miso,KEYWORD_EXACT,1
MOLASSES,spice,,,,,,19304,Molasses,KEYWORD_EXACT,3
MOLLUSK,protein,,,,,,15173,"Mollusks, scallop, mixed species, cooked, breaded and fried",DESC_STARTS,10
MONKFISH,protein,,,,,,15203,"Fish, monkfish, cooked, dry heat",DESC_CONTAINS,2
MONTEREY,dairy,,,,,,1025,"Cheese, monterey",DESC_CONTAINS,2
MOOSE,protein,,,,,,35049,"Moose, meat, raw (Alaska Native)",KEYWORD_EXACT,5
MORTADELLA,protein,prepared,,,,,7050,"Mortadella, beef, pork",KEYWORD_EXACT,1
MOTHBEAN,legume,,,,,,16079,"Mothbeans, mature seeds, cooked, boiled, without salt",DESC_STARTS,3
MOUNTAINYAM,vegetable,,,,,,11259,"Mountain yam, hawaii, cooked, steamed, without salt",COMPOUND_MATCH,3
MOUSENUT,nuts,,,,,,12004,"Seeds, breadnut tree seeds, raw",COMPOUND_MATCH,2
MOZZARELLA,dairy,,,,,,1026,"Cheese, mozzarella, whole milk",DESC_CONTAINS,5
MUENSTER,dairy,,,,,,1030,"Cheese, muenster",DESC_CONTAINS,2
MUFFIN,prepared,,,,,,18566,"Artificial Blueberry Muffin Mix, dry",KEYWORD_EXACT,11
MULBERRY,fruit,,,,,,9190,"Mulberries, raw",PREFERRED,1
MULLET,protein,,,,,,15056,"Fish, mullet, striped, cooked, dry heat",DESC_CONTAINS,2
MULTIGRAIN,prepared,grain,,,,,3996,"Babyfood, Multigrain whole grain cereal, dry fortified",DESC_CONTAINS,5
MUNGBEAN,legume,,,,,,11044,"Mung beans, mature seeds, sprouted, cooked, boiled, drained, without salt",COMPOUND_MATCH,8
MUNGO,legume,,,,,,16084,"Mungo beans, mature seeds, cooked, boiled, without salt",KEYWORD_EXACT,3
MUSHROOM,vegetable,,,,,,11261,"Mushrooms, white, cooked, boiled, drained, without salt",DESC_STARTS,15
MUSKRAT,protein,,,,,,17175,"Game meat, muskrat, cooked, roasted",DESC_CONTAINS,2
MUSSEL,protein,,,,,,15165,"Mollusks, mussel, blue, cooked, moist heat",DESC_CONTAINS,2
MUSTARD,spice,fats,,From mustard seeds,Used as spice and condiment,,11271,"Mustard greens, cooked, boiled, drained, without salt",KEYWORD_EXACT,13
MUSTARDGREEN,vegetable,,,,,,11271,"Mustard greens, cooked, boiled, drained, without salt",COMPOUND_MATCH,6
MUTTON,protein,,,,,,35141,"Mutton, cooked, roasted (Navajo)",KEYWORD_EXACT,4
NANCE,fruit,,,,,,9449,"Nance, frozen, unsweetened",KEYWORD_EXACT,2
NAPA,vegetable,,,,,,11970,"Cabbage, napa, cooked",DESC_CONTAINS,2
NATTO,legume,,,,,,16113,Natto,KEYWORD_EXACT,1
NAVYBEAN,legume,,,,,,11047,"Beans, navy, mature seeds, sprouted, cooked, boiled, drained, without salt",COMPOUND_MATCH,7
NECK,protein,,,,,,5089,"Chicken, broilers or fryers, neck, meat only, cooked, fried",DESC_CONTAINS,5
NECTARINE,fruit,,,,,,9191,"Nectarines, raw",DESC_STARTS,1
NETTLES,vegetable,,,,,,35205,"Stinging Nettles, blanched (Northern Plains Indians)",COMPOUND_MATCH,1
NEUFCHATEL,dairy,,,,,,1031,"Cheese, neufchatel",DESC_CONTAINS,1
NOODLE,grain,,,,,,20110,"Noodles, egg, enriched, cooked",DESC_STARTS,12
NOPALES,vegetable,,,,,,11964,"Nopales, cooked, without salt",KEYWORD_EXACT,2
NORTHERNBEAN,legume,,,,,,16025,"Beans, great northern, mature seeds, cooked, boiled, without salt",COMPOUND_MATCH,5
NUTMEG,spice,fats,,,,,2025,"Spices, nutmeg, ground",DESC_CONTAINS,2
OAT,grain,fats,,,,,20034,"Oat bran, cooked",KEYWORD_EXACT,9
OATBRAN,grain,,,,,,20033,"Oat bran, raw",PREFERRED,1
OATMEAL,grain,,,,,,3192,"Babyfood, cereal, oatmeal, with applesauce and bananas, junior, fortified",DESC_CONTAINS,5
OCTOPUS,protein,,,,,,35054,Octopus (Alaska Native),KEYWORD_EXACT,3
OHELOBERRY,fruit,,,,,,9192,"Oheloberries, raw",PREFERRED,1
OIL,fats,,,,,,4053,"Oil, olive, salad or cooking",PREFERRED,1
OKARA,legume,,,,,,16130,Okara,KEYWORD_EXACT,1
OKRA,vegetable,,,,,,11279,"Okra, cooked, boiled, drained, without salt",KEYWORD_EXACT,6
OLIVE,fruit,fats,,Botanically a fruit,Primary source of olive oil,,7051,"Olive loaf, pork",KEYWORD_EXACT,10
ONION,vegetable,spice,,A bulb vegetable,Base flavoring in cooking,,11282,"Onions, raw",PREFERRED,1
ONIONRING,vegetable,prepared,,,,,11289,"Onions, frozen, whole, unprepared",PREFERRED,1
OPOSSUM,protein,,,,,,17176,"Game meat, opossum, cooked, roasted",DESC_CONTAINS,1
ORANGE,fruit,,,,,,9200,"Oranges, raw, all commercial varieties",PREFERRED,1
OREGANO,spice,,,,,,2027,"Spices, oregano, dried",DESC_CONTAINS,1
OSTRICH,protein,,,,,,5647,"Ostrich, inside strip, cooked",KEYWORD_EXACT,10
OYSTER,protein,,,,,,5652,"Ostrich, oyster, cooked",DESC_CONTAINS,5
PALM,fats,,,,,,4055,"Oil, palm",DESC_CONTAINS,5
PANCAKE,prepared,,,,,,18299,"Pancakes, whole-wheat, dry mix, incomplete",DESC_STARTS,15
PANCREAS,protein,,,,,,10116,"Pork, fresh, variety meats and by-products, pancreas, cooked, braised",DESC_CONTAINS,5
PANDULCE,prepared,,,,,,18955,"Bread, pan dulce, sweet yeast bread",COMPOUND_MATCH,2
PAPAD,prepared,,,,,,42200,Papad,KEYWORD_EXACT,1
PAPAYA,fruit,,,,,,9226,"Papayas, raw",KEYWORD_EXACT,4
PAPRIKA,spice,,,,,,2028,"Spices, paprika",DESC_CONTAINS,1
PARATHA,prepared,,,,,,28286,"Bread, paratha, whole wheat, commercially prepared, frozen",DESC_CONTAINS,1
PARMESAN,dairy,,,,,,1185,"Parmesan cheese topping, fat free",KEYWORD_EXACT,6
PARSLEY,spice,,,,,,11297,"Parsley, fresh",KEYWORD_EXACT,3
PARSNIP,vegetable,,,,,,11299,"Parsnips, cooked, boiled, drained, without salt",DESC_STARTS,3
PASILLA,fruit,spice,,,,,11982,"Peppers, pasilla, dried",DESC_CONTAINS,1
PASSION,fruit,,,,,,9231,"Passion-fruit, (granadilla), purple, raw",KEYWORD_EXACT,3
PASTA,grain,,,,,,20120,"Pasta, dry, enriched",PREFERRED,1
PASTRAMI,protein,,,,,,7052,"Pastrami, turkey",KEYWORD_EXACT,3
PASTRY,prepared,,,,,,18244,"Danish pastry, cinnamon, enriched",KEYWORD_EXACT,9
PATE,protein,,,,,,7942,"Pate, truffle flavor",KEYWORD_EXACT,5
PEA,legume,,,,,,9236,"Peaches, yellow, raw",DESC_STARTS,15
PEACH,fruit,,,,,,9251,"Peach nectar, canned, without added ascorbic acid",KEYWORD_EXACT,17
PEANUT,legume,nuts,fats,Botanically a legume,Commonly grouped with nuts,,16098,"Peanut butter, smooth style, with salt",KEYWORD_EXACT,18
PEAR,fruit,,,,,,9262,"Pear nectar, canned, without added ascorbic acid",KEYWORD_EXACT,17
PECAN,nuts,,,,,,12143,"Nuts, pecans, dry roasted, without salt added",DESC_CONTAINS,5
PECORINO,dairy,,,,,,1038,"Cheese, romano",PREFERRED,1
PEPPER,vegetable,fruit,spice,Bell peppers are vegetables,Hot peppers are spices,Botanically a fruit,2030,"Spices, pepper, black",PREFERRED,1
PEPPERMINT,spice,,,,,,2064,"Peppermint, fresh",KEYWORD_EXACT,1
PEPPERONI,protein,,,,,,7057,"Pepperoni, beef and pork, sliced",KEYWORD_EXACT,6
PERCH,protein,,,,,,15061,"Fish, perch, mixed species, cooked, dry heat",DESC_CONTAINS,2
PERSIMMON,fruit,,,,,,9263,"Persimmons, japanese, raw",DESC_STARTS,3
PESTO,prepared,,,,,,6626,"Sauce, pesto, ready-to-serve, refrigerated",DESC_CONTAINS,5
PHEASANT,protein,,,,,,43283,"Pheasant, cooked, total edible",KEYWORD_EXACT,5
PHYLLO,prepared,,,,,,18338,Phyllo dough,KEYWORD_EXACT,1
PICKLE,spice,,,,,,7058,"Pickle and pimiento loaf, pork",KEYWORD_EXACT,15
PIE,prepared,,,,,,18090,"Cake, boston cream pie, commercially prepared",KEYWORD_EXACT,13
PIGEON,protein,,,,,,11345,"Pigeonpeas, immature seeds, cooked, boiled, drained, without salt",KEYWORD_EXACT,6
PIGEONPEAS,legume,,,,,,11345,"Pigeonpeas, immature seeds, cooked, boiled, drained, without salt",DESC_STARTS,3
PIKE,protein,,,,,,15063,"Fish, pike, northern, cooked, dry heat",DESC_CONTAINS,5
PIKIBREAD,grain,,,,,,35234,"Piki bread, made from blue cornmeal (Hopi)",COMPOUND_MATCH,1
PILINUT,nuts,,,,,,12145,"Nuts, pilinuts, dried",DESC_CONTAINS,1
PIMIENTO,spice,,,,,,11943,"Pimento, canned",PREFERRED,1
PINE,nuts,,,,,,9266,"Pineapple, raw, all varieties",DESC_STARTS,15
PINEAPPLE,fruit,,,,,,9266,"Pineapple, raw, all varieties",KEYWORD_EXACT,14
PINON,nuts,,,,,,35207,"Pinon Nuts, roasted (Navajo)",KEYWORD_EXACT,1
PINTOBEAN,legume,,,,,,11654,"Beans, pinto, mature seeds, sprouted, cooked, boiled, drained, without salt",COMPOUND_MATCH,10
PISTACHIO,nuts,,,,,,12152,"Nuts, pistachio nuts, dry roasted, without salt added",DESC_CONTAINS,3
PITA,prepared,,,,,,9276,"Pitanga, (surinam-cherry), raw",DESC_STARTS,6
PITANGA,fruit,,,,,,9276,"Pitanga, (surinam-cherry), raw",KEYWORD_EXACT,1
PIZZA,prepared,,,,,,21226,"Pizza, meat and vegetable topping, regular crust, frozen, cooked",KEYWORD_EXACT,15
PLAINTAIN,fruit,,,,,,9277,"Plantains, raw",PREFERRED,1
PLUM,fruit,,,,,,9291,"Plums, dried (prunes), uncooked",DESC_STARTS,14
POKE,protein,,,,,,11351,"Pokeberry shoots, (poke), cooked, boiled, drained, without salt",DESC_STARTS,3
POLENTA,prepared,,,,,,20022,"Cornmeal, degermed, enriched, yellow",PREFERRED,1
POLLOCK,protein,,,,,,15205,"Fish, pollock, Atlantic, cooked, dry heat",DESC_CONTAINS,5
POMEGRANATE,fruit,,,,,,9286,"Pomegranates, raw",KEYWORD_EXACT,3
POMPANO,protein,,,,,,15069,"Fish, pompano, florida, cooked, dry heat",DESC_CONTAINS,2
POPCORN,grain,prepared,,,,,19436,"Popcorn, sugar syrup/caramel, fat-free",KEYWORD_EXACT,8
POPPYSEED,nuts,fats,,,,,2033,"Spices, poppy seed",COMPOUND_MATCH,3
PORK,protein,,,,,,10062,"Pork, fresh, loin, top loin (chops), boneless, separable lean and fat, raw",PREFERRED,1
PORKBELLY,protein,,,,,,10005,"Pork, fresh, belly, raw",COMPOUND_MATCH,1
PORKCHOP,protein,,,,,,22948,"SUPPER BAKES MEAL KITS, Savory Pork Chops with herb stuffing (pork chop not included)",COMPOUND_MATCH,1
PORTDESALUT,dairy,,,,,,1034,"Cheese, port de salut",COMPOUND_MATCH,1
POTATO,vegetable,,,,,,11352,"Potatoes, flesh and skin, raw",PREFERRED,1
POTATOCHIP,vegetable,prepared,,,,,19411,"Snacks, potato chips, plain, salted",PREFERRED,1
POTPIE,protein,,,,,,22905,"Beef stew, canned entree",PREFERRED,1
POTROAST,protein,,,,,,13285,"Beef, chuck, under blade pot roast, boneless, separable lean only, trimmed to 0"" fat, all grades, cooked, braised",COMPOUND_MATCH,10
POUNDCAKE,prepared,,,,,,18133,"Cake, sponge, commercially prepared",PREFERRED,1
POUT,protein,,,,,,15206,"Fish, pout, ocean, cooked, dry heat",DESC_CONTAINS,2
PRAWN,protein,,,,,,15151,"Crustaceans, shrimp, mixed species, cooked, moist heat (may have been previously frozen)",PREFERRED,1
PRESERVES,spice,,,,,,19920,"Jams, preserves, marmalades, sweetened with fruit juice",DESC_CONTAINS,2
PRETZEL,prepared,,,,,,25024,"Pretzels, soft, unsalted",DESC_STARTS,7
PRICKLYPEAR,fruit,,,,,,9287,"Prickly pears, raw",PREFERRED,1
PROSCIUTTO,protein,,,,,,7057,"Pepperoni, beef and pork, sliced",PREFERRED,1
PROVOLONE,dairy,,,,,,1035,"Cheese, provolone",DESC_CONTAINS,2
PRUNE,fruit,,,,,,9423,Prune puree,KEYWORD_EXACT,9
PUDDING,prepared,,,,,,19203,"Puddings, vanilla, dry mix, instant, prepared with whole milk",DESC_STARTS,15
PUMMELO,fruit,,,,,,9295,"Pummelo, raw",KEYWORD_EXACT,1
PUMPERNICKEL,prepared,,,,,,18044,"Bread, pumpernickel",DESC_CONTAINS,4
PUMPKIN,vegetable,fruit,,Botanically a fruit,Used as a vegetable,,11417,"Pumpkin flowers, cooked, boiled, drained, without salt",KEYWORD_EXACT,15
PUNCH,beverage,,,,,,14065,"Beverages, The COCA-COLA company, Hi-C Flashin' Fruit Punch",KEYWORD_EXACT,4
PURSLANE,vegetable,,,,,,11428,"Purslane, cooked, boiled, drained, without salt",KEYWORD_EXACT,3
QUAIL,protein,,,,,,43282,"Quail, cooked, total edible",KEYWORD_EXACT,5
QUICHE,prepared,,,,,,18317,"Pie, egg custard, commercially prepared",PREFERRED,1
QUINCE,fruit,,,,,,9296,"Quinces, raw",DESC_STARTS,1
QUINOA,grain,protein,,A pseudo-grain,Complete protein source,,20035,"Quinoa, uncooked",KEYWORD_EXACT,2
RABBIT,protein,,,,,,17178,"Game meat, rabbit, domesticated, composite of cuts, cooked, roasted",DESC_CONTAINS,5
RACCOON,protein,,,,,,17182,"Game meat, raccoon, cooked, roasted",DESC_CONTAINS,1
RACK,protein,,,,,,17081,"Lamb, New Zealand, imported, rack - partly frenched, separable lean and fat, cooked, fast roasted",DESC_CONTAINS,5
RADICCHIO,vegetable,,,,,,11952,"Radicchio, raw",KEYWORD_EXACT,1
RADISH,vegetable,,,,,,11431,"Radishes, oriental, cooked, boiled, drained, without salt",KEYWORD_EXACT,8
RAISIN,fruit,,,,,,9297,"Raisins, golden seedless",DESC_STARTS,8
RANCHDRESSING,spice,,,,,,4640,"Salad dressing, ranch dressing, reduced fat",COMPOUND_MATCH,4
RANCHSTYLE,spice,,,,,,43112,"Beans, chili, barbecue, ranch style, cooked",COMPOUND_MATCH,1
RASPBERRY,fruit,,,,,,8677,"Cereals ready-to-eat, KELLOGG'S FROSTED MINI-WHEATS Touch of Fruit in the Middle, Raspberry",DESC_CONTAINS,4
RAVIOLI,prepared,,,,,,22976,"Ravioli, cheese with tomato sauce, frozen, not prepared, includes regular and light entrees",KEYWORD_EXACT,4
REDBEAN,legume,,,,,,36406,"Restaurant, Latino, Arroz con habichuelas colorados (Rice And Red Beans)",COMPOUND_MATCH,1
RELISH,spice,,,,,,11944,"Pickle relish, hot dog",PREFERRED,1
RENNIN,prepared,,,,,,19223,"Rennin, vanilla, dry mix, prepared with whole milk",KEYWORD_EXACT,7
RHUBARB,fruit,,,,,,9309,"Rhubarb, frozen, uncooked",KEYWORD_EXACT,4
RIBEYE,protein,,,,,,23275,"Beef, ribeye petite roast, boneless, separable lean only, trimmed to 0"" fat, all grades, cooked, roasted",DESC_CONTAINS,5
RIBS,protein,,,,,,23430,"Beef, New Zealand, imported, ribs prepared, cooked, fast roasted",DESC_CONTAINS,2
RICE,grain,,,,,,20044,"Rice, white, long-grain, regular, raw, enriched",PREFERRED,1
RICEBRAN,grain,fats,,,,,20656,"Pasta, gluten-free, rice flour and rice bran extract, cooked, DE BOLES",COMPOUND_MATCH,5
RICOTTA,dairy,,,,,,1036,"Cheese, ricotta, whole milk",DESC_CONTAINS,2
ROCKFISH,protein,,,,,,15071,"Fish, rockfish, Pacific, mixed species, cooked, dry heat",DESC_CONTAINS,2
ROAST,protein,,,,,,7043,"Roast beef, deli style, prepackaged, sliced",KEYWORD_EXACT,7
ROE,protein,,,,,,15207,"Fish, roe, mixed species, cooked, dry heat",DESC_CONTAINS,2
ROLL,prepared,,,,,,7088,"Honey roll sausage, beef",KEYWORD_EXACT,16
ROMANO,dairy,,,,,,1038,"Cheese, romano",DESC_CONTAINS,1
ROQUEFORT,dairy,,,,,,1039,"Cheese, roquefort",DESC_CONTAINS,1
ROSELLE,fruit,,,,,,9311,"Roselle, raw",KEYWORD_EXACT,1
ROSEMARY,spice,,,,,,2063,"Rosemary, fresh",KEYWORD_EXACT,2
ROUGHY,protein,,,,,,15232,"Fish, roughy, orange, cooked, dry heat",DESC_CONTAINS,2
ROUNDSTEAK,protein,,,,,,13491,"Beef, round, top round steak, boneless, separable lean only, trimmed to 0"" fat, all grades, cooked, grilled",COMPOUND_MATCH,10
RUMP,protein,,,,,,10013,"Pork, fresh, leg (ham), rump half, separable lean and fat, cooked, roasted",DESC_CONTAINS,5
RUSK,prepared,,,,,,18224,"Crackers, rusk toast",DESC_CONTAINS,1
RUTABAGA,vegetable,,,,,,11436,"Rutabagas, cooked, boiled, drained, without salt",DESC_STARTS,3
RYE,grain,,,,,,20062,Rye grain,KEYWORD_EXACT,9
SABLEFISH,protein,,,,,,15208,"Fish, sablefish, cooked, dry heat",DESC_CONTAINS,3
SAFFLOWER,nuts,fats,,,,,4510,"Oil, safflower, salad or cooking, linoleic, (over 70%)",DESC_CONTAINS,4
SAFFRON,spice,,,,,,2037,"Spices, saffron",DESC_CONTAINS,1
SAGE,spice,,,,,,28367,"SAGE VALLEY, Gluten Free Vanilla Sandwich Cookies",KEYWORD_EXACT,2
SALAMI,protein,prepared,,,,,7068,"Salami, cooked, beef",KEYWORD_EXACT,12
SALISBURY,protein,,,,,,32031,"Salisbury steak with gravy, frozen",KEYWORD_EXACT,4
SALMON,protein,fats,,,,,15076,"Fish, salmon, Atlantic, wild, raw",PREFERRED,1
SALSA,prepared,,,,,,16203,"PACE, Salsa Refried Beans",DESC_CONTAINS,5
SALSIFY,vegetable,,,,,,11438,"Salsify, cooked, boiled, drained, without salt",KEYWORD_EXACT,3
SALT,spice,,,,,,2047,"Salt, table",PREFERRED,1
SALTINE,prepared,,,,,,18966,"Crackers, saltines, whole wheat (includes multi-grain)",DESC_CONTAINS,5
SALTPORK,protein,,,,,,10165,"Pork, cured, salt pork, raw",COMPOUND_MATCH,1
SANDWICH,prepared,,,,,,18986,"AUSTIN, Grilled Cheese on Wafer Crackers, sandwich-type",KEYWORD_EXACT,16
SAPOTE,fruit,,,,,,9314,"Sapote, mamey, raw",KEYWORD_EXACT,1
SARDINE,protein,fats,,,,,4594,"Fish oil, sardine",DESC_CONTAINS,3
SAUCE,prepared,,,,,,6112,"Sauce, teriyaki, ready-to-serve",KEYWORD_EXACT,15
SAUERKRAUT,prepared,,,,,,11439,"Sauerkraut, canned, solids and liquids",KEYWORD_EXACT,1
SAUSAGE,protein,prepared,,,,,7013,"Bratwurst, pork, cooked",KEYWORD_EXACT,20
SAVOY,vegetable,,,,,,11115,"Cabbage, savoy, cooked, boiled, drained, without salt",DESC_CONTAINS,3
SCALLION,vegetable,,,,,,11291,"Onions, spring or scallions (includes tops and bulb), raw",PREFERRED,1
SCALLOP,protein,,,,,,11476,"Squash, summer, scallop, cooked, boiled, drained, without salt",DESC_CONTAINS,5
SCROD,protein,,,,,,15016,"Fish, cod, Atlantic, cooked, dry heat",COMPOUND_MATCH,10
SCUP,protein,,,,,,15213,"Fish, scup, cooked, dry heat",DESC_CONTAINS,2
SEAL,protein,fats,,,,,35056,"Seal, bearded (Oogruk), meat, raw (Alaska Native)",KEYWORD_EXACT,7
SEABASS,protein,,,,,,15092,"Fish, sea bass, mixed species, cooked, dry heat",COMPOUND_MATCH,2
SEALION,protein,,,,,,35227,"Sea lion, Steller, kidney (Alaska Native)",COMPOUND_MATCH,6
SEATROUT,protein,,,,,,15214,"Fish, seatrout, mixed species, cooked, dry heat",DESC_CONTAINS,2
SEAWEED,vegetable,,,,,,11444,"Seaweed, irishmoss, raw",KEYWORD_EXACT,10
SEMOLINA,grain,,,,,,20066,"Semolina, enriched",KEYWORD_EXACT,2
SERANO,fruit,spice,,,,,11977,"Peppers, serrano, raw",COMPOUND_MATCH,1
SESAME,nuts,,,,,,12024,"Seeds, sesame seeds, whole, roasted and toasted",DESC_CONTAINS,5
SESAMEFLOUR,nuts,,,,,,12032,"Seeds, sesame flour, partially defatted",COMPOUND_MATCH,3
SESAMEBUTTER,nuts,spice,,,,,12166,"Seeds, sesame butter, tahini, from roasted and toasted kernels (most common type)",COMPOUND_MATCH,5
SHAD,protein,,,,,,15215,"Fish, shad, american, cooked, dry heat",DESC_CONTAINS,2
SHAKE,dairy,beverage,,,,,14347,"Shake, fast food, vanilla",KEYWORD_EXACT,3
SHALLOT,vegetable,,,,,,11677,"Shallots, raw",DESC_STARTS,2
SHANK,protein,,,,,,10017,"Pork, fresh, leg (ham), shank half, separable lean and fat, cooked, roasted",DESC_CONTAINS,5
SHARK,protein,,,,,,15096,"Fish, shark, mixed species, cooked, batter-dipped and fried",DESC_CONTAINS,3
SHEANUT,fats,,,,,,4536,"Oil, sheanut",DESC_CONTAINS,1
SHEEFISH,protein,,,,,,35169,"Fish, sheefish, raw (Alaska Native)",DESC_CONTAINS,1
SHEEPSHEAD,protein,,,,,,15098,"Fish, sheepshead, cooked, dry heat",DESC_CONTAINS,2
SHELLFISH,protein,,,,,,15146,"Crustaceans, crayfish, mixed species, wild, cooked, moist heat",COMPOUND_MATCH,10
SHELLIEBEAN,legume,,,,,,11050,"Beans, shellie, canned, solids and liquids",COMPOUND_MATCH,1
SHERBET,prepared,,,,,,19097,"Sherbet, orange",KEYWORD_EXACT,1
SHORTBREAD,prepared,,,,,,18193,"Cookies, shortbread, commercially prepared, pecan",DESC_CONTAINS,5
SHORTENING,fats,,,,,,4031,"Shortening, household, soybean (partially hydrogenated)-cottonseed (partially hydrogenated)",KEYWORD_EXACT,10
SHORTRIB,protein,,,,,,13148,"Beef, rib, shortribs, separable lean and fat, choice, cooked, braised",DESC_CONTAINS,4
SHOULDER,protein,,,,,,10071,"Pork, fresh, shoulder, whole, separable lean and fat, cooked, roasted",DESC_CONTAINS,5
SHRIMP,protein,,,,,,15150,"Crustaceans, shrimp, mixed species, cooked, breaded and fried",DESC_CONTAINS,5
SIRLOIN,protein,,,,,,10053,"Pork, fresh, loin, sirloin (chops), bone-in, separable lean and fat, cooked, braised",DESC_CONTAINS,5
SMELT,protein,,,,,,35184,"Smelt, dried (Alaska Native)",KEYWORD_EXACT,3
SMOKED,protein,,,,,,7074,"Smoked link sausage, pork",DESC_STARTS,7
SMOOTHIE,beverage,,,,,,9507,"Fruit juice smoothie, NAKED JUICE, MIGHTY MANGO",KEYWORD_EXACT,10
SNACK,prepared,,,,,,19002,"Snacks, beef jerky, chopped and formed",DESC_STARTS,15
SNAIL,protein,,,,,,90560,"Mollusks, snail, raw",DESC_CONTAINS,1
SNAPBEAN,vegetable,,,,,,11053,"Beans, snap, green, cooked, boiled, drained, without salt",COMPOUND_MATCH,10
SNAPPER,protein,,,,,,15102,"Fish, snapper, mixed species, cooked, dry heat",DESC_CONTAINS,2
SOCKEYE,protein,,,,,,15086,"Fish, salmon, sockeye, cooked, dry heat",DESC_CONTAINS,5
SOLE,protein,,,,,,15029,"Fish, flatfish (flounder and sole species), cooked, dry heat",PREFERRED,1
SORGHUM,grain,,,,,,20648,"Sorghum flour, whole-grain",KEYWORD_EXACT,4
SORGHUMFLOUR,grain,,,,,,20648,"Sorghum flour, whole-grain",COMPOUND_MATCH,3
SORREL,vegetable,,,,,,11105,"Burdock root, cooked, boiled, drained, without salt",COMPOUND_MATCH,10
SOUP,prepared,,,,,,6001,"Soup, cream of asparagus, canned, condensed",KEYWORD_EXACT,14
SOURCREAM,dairy,,,,,,1178,"Sour cream, reduced fat",COMPOUND_MATCH,10
SOURSOP,fruit,,,,,,9315,"Soursop, raw",KEYWORD_EXACT,1
SOYBEAN,legume,protein,fats,A legume,Complete protein source,,11451,"Soybeans, green, cooked, boiled, drained, without salt",KEYWORD_EXACT,15
SOYLECITHIN,fats,,,,,,4544,"Shortening, household, lard and vegetable oil",PREFERRED,1
SOYMILK,legume,beverage,,,,,16139,"Soymilk, original and vanilla, with added calcium, vitamins A and D",KEYWORD_EXACT,15
SOYNUT,legume,nuts,,A legume,Sometimes called a nut,,11451,"Soybeans, green, cooked, boiled, drained, without salt",COMPOUND_MATCH,10
SOYSAUCE,spice,,,,,,16123,Soy sauce made from soy and wheat (shoyu),COMPOUND_MATCH,6
SPAGHETTI,grain,,,,,,20127,"Spaghetti, spinach, cooked",KEYWORD_EXACT,15
SPEARMINT,spice,,,,,,2065,"Spearmint, fresh",KEYWORD_EXACT,2
SPELT,grain,,,,,,20140,"Spelt, uncooked",KEYWORD_EXACT,2
SPINACH,vegetable,,,,,,11457,"Spinach, raw",PREFERRED,1
SPIRULINA,vegetable,,,,,,11666,"Seaweed, spirulina, raw",DESC_CONTAINS,2
SPLEEN,protein,,,,,,10118,"Pork, fresh, variety meats and by-products, spleen, cooked, braised",DESC_CONTAINS,5
SPLITPEA,legume,,,,,,16086,"Peas, split, mature seeds, cooked, boiled, without salt",COMPOUND_MATCH,2
SPONGECAKE,prepared,,,,,,18133,"Cake, sponge, commercially prepared",COMPOUND_MATCH,2
SPOT,protein,,,,,,15216,"Fish, spot, cooked, dry heat",DESC_CONTAINS,3
SPRAYOIL,fats,,,,,,4679,"Oil, PAM cooking spray, original",COMPOUND_MATCH,1
SPROUT,vegetable,,,,,,11030,"Beans, kidney, mature seeds, sprouted, cooked, boiled, drained, without salt",DESC_CONTAINS,5
SQUAB,protein,,,,,,5161,"Squab, (pigeon), meat only, raw",KEYWORD_EXACT,3
SQUASH,vegetable,fruit,,Botanically a fruit,Cooked as a vegetable,,11483,"Squash, winter, acorn, cooked, baked, without salt",KEYWORD_EXACT,13
SQUID,protein,,,,,,15176,"Mollusks, squid, mixed species, cooked, fried",DESC_CONTAINS,2
SQUIRREL,protein,,,,,,35075,"Squirrel, ground, meat (Alaska Native)",KEYWORD_EXACT,3
SUET,protein,,,,,,13335,"Beef, variety meats and by-products, suet, raw",DESC_CONTAINS,1
SRIRACHA,spice,,,,,,6631,"Sauce, hot chile, sriracha",DESC_CONTAINS,3
STARFRUIT,fruit,,,,,,9060,"Carambola, (starfruit), raw",PREFERRED,1
STEAK,protein,,,,,,13068,"Beef, flank, steak, separable lean only, trimmed to 0"" fat, choice, raw",DESC_CONTAINS,5
STEELHEAD,protein,,,,,,35181,"Steelhead trout, boiled, canned (Alaska Native)",KEYWORD_EXACT,2
STILTON,dairy,,,,,,1004,"Cheese, blue",PREFERRED,1
STRAWBERRY,fruit,,,,,,14350,"Strawberry-flavor beverage mix, powder",KEYWORD_EXACT,6
STRIPSTEAK,protein,,,,,,13000,"Beef, grass-fed, strip steaks, lean only, raw",COMPOUND_MATCH,1
STRUDEL,prepared,,,,,,18354,"Strudel, apple",KEYWORD_EXACT,1
STURGEON,protein,,,,,,15105,"Fish, sturgeon, mixed species, cooked, dry heat",DESC_CONTAINS,3
SUBMARINE,prepared,,,,,,21154,"Fast foods, submarine sandwich, oven roasted chicken on white bread with lettuce and tomato",DESC_CONTAINS,5
SUCCOTASH,vegetable,,,,,,11496,"Succotash, (corn and limas), cooked, boiled, drained, without salt",KEYWORD_EXACT,8
SUCKER,protein,,,,,,15217,"Fish, sucker, white, cooked, dry heat",DESC_CONTAINS,2
SUGAR,spice,,,,,,19335,"Sugars, granulated",PREFERRED,1
SUNDAE,dairy,prepared,,,,,21032,"Fast foods, sundae, caramel",DESC_CONTAINS,4
SUNFISH,protein,,,,,,15218,"Fish, sunfish, pumpkin seed, cooked, dry heat",DESC_CONTAINS,2
SUNFLOWER,nuts,fats,,,,,4060,"Oil, sunflower, linoleic (less than 60%)",DESC_CONTAINS,5
SUNN,legume,,,,,,12012,"Seeds, hemp seed, hulled",PREFERRED,1
SURIMI,protein,,,,,,15109,"Fish, surimi",DESC_CONTAINS,1
SWEETBREAD,protein,,,,,,23437,"Beef, New Zealand, imported, sweetbread, cooked, boiled",DESC_CONTAINS,4
SWEETENER,spice,,,,,,19337,"Sweeteners, tabletop, aspartame, EQUAL, packets",KEYWORD_EXACT,10
SWEETPOTATO,vegetable,,,,,,11517,"Sweet potato, frozen, cooked, baked, without salt",COMPOUND_MATCH,10
SWISSCHARD,vegetable,,,,,,11147,"Chard, swiss, raw",PREFERRED,1
SWISSCHEESE,dairy,,,,,,7920,"Swisswurst, pork and beef, with swiss cheese, smoked",COMPOUND_MATCH,1
SWORDFISH,protein,,,,,,15111,"Fish, swordfish, cooked, dry heat",DESC_CONTAINS,2
SYRUP,spice,,,,,,14182,"Beverages, Chocolate syrup, prepared with whole milk",KEYWORD_EXACT,17
TABASCO,spice,,,,,,6169,"Sauce, ready-to-serve, pepper, TABASCO",DESC_CONTAINS,1
TACO,prepared,,,,,,18360,"Taco shells, baked",KEYWORD_EXACT,15
TAHINI,spice,,,,,,12166,"Seeds, sesame butter, tahini, from roasted and toasted kernels (most common type)",DESC_CONTAINS,4
TALLOW,fats,,,,,,4002,Lard,PREFERRED,1
TAMALES,prepared,,,,,,35147,Tamales (Navajo),KEYWORD_EXACT,2
TAMARIND,fruit,,,,,,9322,"Tamarinds, raw",KEYWORD_EXACT,3
TANGERINE,fruit,,,,,,9221,"Tangerine juice, raw",KEYWORD_EXACT,6
TAPIOCA,vegetable,,,,,,20068,"Tapioca, pearl, dry",KEYWORD_EXACT,6
TARO,vegetable,,,,,,11519,"Taro, cooked, without salt",KEYWORD_EXACT,11
TARRAGON,spice,,,,,,2041,"Spices, tarragon, dried",DESC_CONTAINS,1
TART,prepared,,,,,,18459,"Breakfast tart, low fat",KEYWORD_EXACT,3
TBONE,protein,,,,,,13236,"Beef, short loin, t-bone steak, bone-in, separable lean only, trimmed to 1/8"" fat, choice, cooked, grilled",COMPOUND_MATCH,10
TEA,beverage,,,,,,14355,"Beverages, tea, black, brewed, prepared with tap water",PREFERRED,1
TEASEED,fats,,,,,,4516,"Oil, teaseed",DESC_CONTAINS,1
TEFF,grain,,,,,,20142,"Teff, uncooked",KEYWORD_EXACT,2
TEMPEH,protein,legume,,Fermented soybeans,Rich in protein,,16174,"Tempeh, cooked",KEYWORD_EXACT,2
TENDERLOIN,protein,,,,,,10061,"Pork, fresh, loin, tenderloin, separable lean only, cooked, roasted",DESC_CONTAINS,5
TENDERS,protein,,,,,,21401,"Fast foods, chicken tenders",COMPOUND_MATCH,5
TERIYAKI,spice,,,,,,22958,"Rice bowl with chicken, frozen entree, prepared (includes fried, teriyaki, and sweet and sour varieties)",DESC_CONTAINS,4
THIGH,protein,,,,,,5094,"Chicken, broilers or fryers, thigh, meat and skin, cooked, roasted",DESC_CONTAINS,5
THYME,spice,,,,,,2049,"Thyme, fresh",KEYWORD_EXACT,2
TILAPIA,protein,,,,,,15262,"Fish, tilapia, cooked, dry heat",DESC_CONTAINS,2
TIPNUK,protein,,,,,,35064,"Fish, salmon, tipnuk, fermented (Alaska Native)",DESC_CONTAINS,1
TOFU,protein,legume,,Made from soybeans,High in protein,,16126,"Tofu, firm, prepared with calcium sulfate and magnesium chloride (nigari)",PREFERRED,1
TOMATILLO,vegetable,,,,,,11954,"Tomatillos, raw",DESC_STARTS,1
TOMATO,vegetable,fruit,,Botanically a fruit,Commonly used as a vegetable,,11529,"Tomatoes, red, ripe, raw, year round average",PREFERRED,1
TOMATOSEED,fats,,,,,,4515,"Oil, tomatoseed",DESC_CONTAINS,1
TONGUE,protein,,,,,,10122,"Pork, fresh, variety meats and by-products, tongue, cooked, braised",DESC_CONTAINS,5
TRAILMIX,prepared,,,,,,19059,"Snacks, trail mix, regular",COMPOUND_MATCH,7
TORTILLA,prepared,,,,,,19433,"Tortilla chips, low fat, baked without fat",KEYWORD_EXACT,15
TRICALE,grain,,,,,,20070,"Triticale flour, whole-grain",COMPOUND_MATCH,2
TRIPE,protein,,,,,,23444,"Beef, New Zealand, imported, variety meats and by-products, tripe cooked, boiled",DESC_CONTAINS,5
TROUT,protein,,,,,,15116,"Fish, trout, rainbow, wild, cooked, dry heat",DESC_CONTAINS,5
TUNA,protein,,,,,,15121,"Fish, tuna, light, canned in water, drained solids",PREFERRED,1
TURBOT,protein,,,,,,15222,"Fish, turbot, european, cooked, dry heat",DESC_CONTAINS,2
TURKEY,protein,,,,,,5168,"Turkey, whole, meat only, cooked, roasted",KEYWORD_EXACT,17
TURMERIC,spice,,,,,,2043,"Spices, turmeric, ground",DESC_CONTAINS,1
TURNOVER,prepared,,,,,,32027,"Turnover, meat- and cheese-filled, tomato-based sauce, reduced fat, frozen",KEYWORD_EXACT,4
TURNIP,vegetable,,,,,,11569,"Turnip greens, cooked, boiled, drained, without salt",KEYWORD_EXACT,10
TURTLEBEANS,legume,,,,,,16017,"Beans, black turtle, mature seeds, cooked, boiled, without salt",COMPOUND_MATCH,4
UCUHUBA,fats,,,,,,4573,"Oil, ucuhuba butter",DESC_CONTAINS,1
VANILLA,spice,fruit,,From orchid seed pods,Used as flavoring,,2050,Vanilla extract,KEYWORD_EXACT,8
VEAL,protein,,,,,,17127,"Veal, shoulder, arm, separable lean only, cooked, roasted",KEYWORD_EXACT,13
VEGETABLE,vegetable,,,,,,11584,"Vegetables, mixed, frozen, cooked, boiled, drained, without salt",KEYWORD_EXACT,15
VENISON,protein,,,,,,17164,"Game meat, deer, raw",PREFERRED,1
VINEGAR,spice,,,,,,2048,"Vinegar, cider",PREFERRED,1
WAFER,prepared,,,,,,18226,"Crackers, rye, wafers, plain",DESC_CONTAINS,3
WAFFLE,prepared,,,,,,18367,"Waffles, plain, prepared from recipe",DESC_STARTS,15
WALLEYE,protein,,,,,,15204,"Fish, pike, walleye, cooked, dry heat",DESC_CONTAINS,2
WALNUT,nuts,fats,,,,,12157,"Nuts, walnuts, dry roasted, with salt added",DESC_CONTAINS,5
WALRUS,protein,fats,,,,,35081,"Walrus, meat, raw (Alaska Native)",KEYWORD_EXACT,5
WASABI,spice,,,,,,11990,"Wasabi, root, raw",KEYWORD_EXACT,3
WATER,beverage,,,,,,14411,"Water, tap, drinking",PREFERRED,1
WATERCRESS,vegetable,,,,,,11591,"Watercress, raw",KEYWORD_EXACT,1
WATERMELON,fruit,,,,,,9326,"Watermelon, raw",KEYWORD_EXACT,2
WAXGOURD,fruit,,,,,,11594,"Waxgourd, (chinese preserving melon), cooked, boiled, drained, without salt",KEYWORD_EXACT,3
WHALE,protein,fats,,,,,35011,"Whale, beluga, meat, raw (Alaska Native)",KEYWORD_EXACT,9
WHEAT,grain,,,,,,20080,"Wheat flour, whole-grain",KEYWORD_EXACT,15
WHEATGERM,grain,fats,,,,,4038,"Oil, wheat germ",COMPOUND_MATCH,6
WHELK,protein,,,,,,15178,"Mollusks, whelk, unspecified, cooked, moist heat",DESC_CONTAINS,2
WHEY,dairy,,,,,,1112,"Whey, acid, fluid",KEYWORD_EXACT,8
WINE,beverage,,,,,,14106,"Alcoholic beverage, wine, table, white",PREFERRED,1
WHIPPING,dairy,,,,,,1053,"Cream, fluid, heavy whipping",KEYWORD_EXACT,2
WHISKEY,beverage,,,,,,14530,"Whiskey sour mix, bottled, with added potassium and sodium",KEYWORD_EXACT,6
WHITEBEAN,legume,,,,,,16050,"Beans, white, mature seeds, cooked, boiled, without salt",COMPOUND_MATCH,4
WHITEFISH,protein,,,,,,15223,"Fish, whitefish, mixed species, cooked, dry heat",DESC_CONTAINS,5
WHITING,protein,,,,,,15133,"Fish, whiting, mixed species, cooked, dry heat",DESC_CONTAINS,2
WHOLEWHEAT,prepared,,,,,,8145,"Cereals, whole wheat hot natural cereal, cooked with water, without salt",COMPOUND_MATCH,10
WING,protein,,,,,,11596,"Winged beans, immature seeds, cooked, boiled, drained, without salt",DESC_STARTS,13
WINGEDBEAN,legume,,,,,,11596,"Winged beans, immature seeds, cooked, boiled, drained, without salt",COMPOUND_MATCH,5
WOLFFISH,protein,,,,,,15224,"Fish, wolffish, Atlantic, cooked, dry heat",DESC_CONTAINS,2
WONTON,prepared,,,,,,18368,Wonton wrappers (includes egg roll wrappers),KEYWORD_EXACT,2
YAM,vegetable,,,,,,11602,"Yam, cooked, boiled, drained, or baked, without salt",KEYWORD_EXACT,9
YAMBEAN,vegetable,,,,,,11604,"Yambean (jicama), cooked, boiled, drained, without salt",KEYWORD_EXACT,3
YARDLONG,vegetable,,,,,,11200,"Yardlong bean, cooked, boiled, drained, without salt",KEYWORD_EXACT,6
YELLOWTAIL,protein,,,,,,15225,"Fish, yellowtail, mixed species, cooked, dry heat",DESC_CONTAINS,2
YOGURT,dairy,,,,,,1116,"Yogurt, plain, whole milk, 8 grams protein per 8 ounce",PREFERRED,1
YOLK,protein,,,,,,1125,"Egg, yolk, raw, fresh",DESC_CONTAINS,5
ZUCCHINI,vegetable,fruit,,Botanically a fruit,Used as a vegetable,,11478,"Squash, summer, zucchini, includes skin, cooked, boiled, drained, without salt",DESC_CONTAINS,5
ZWIEBACK,grain,prepared,,,,,3217,Zwieback,KEYWORD_EXACT,1
